corpus,total_token,total_probe_counts,and_prop,or_prop,more_prop,less_prop,behind_prop,front_prop,same_prop
CHLDES,16062386,271723,0.8004364739,0.08455301906,0.08613919322,0.00078020631,0.01087136532,0.00278224515,0.014437497
CLEVR,12868670,819389,0.0994716795,0.07714772836,0.01412027742,0.01446321588,0.17990112144,0.18001950233,0.43487647503
